,Title,Company,Job Age,Location,Job Description Link
0,DATA ANALYST,PRESTON ASSOCIATES INTERNATIONAL DEVELOPMENT,3d,Abuja,https://www.glassdoor.com/partner/jobListing.htm?pos=101&ao=1136043&s=58&guid=00000182e3f20a6eaf51d9481f3673d3&src=GD_JOB_AD&t=SR&vt=w&ea=1&cs=1_9b73b541&cb=1661681666924&jobListingId=1008091093957&jrtk=3-0-1gbhv42kljoql801-1gbhv42l3g2d7800-54cd832709cfbde0-
1,Data Analyst,Emmiz Consulting International,2d,Lagos,https://www.glassdoor.com/partner/jobListing.htm?pos=101&ao=1136043&s=58&guid=00000182e3f20a6eaf51d9481f3673d3&src=GD_JOB_AD&t=SR&vt=w&ea=1&cs=1_9b73b541&cb=1661681666924&jobListingId=1008091093957&jrtk=3-0-1gbhv42kljoql801-1gbhv42l3g2d7800-54cd832709cfbde0-
2,Data Analyst,Connected Analytics Limited,16d,Lagos,https://www.glassdoor.com/partner/jobListing.htm?pos=101&ao=1136043&s=58&guid=00000182e3f20a6eaf51d9481f3673d3&src=GD_JOB_AD&t=SR&vt=w&ea=1&cs=1_9b73b541&cb=1661681666924&jobListingId=1008091093957&jrtk=3-0-1gbhv42kljoql801-1gbhv42l3g2d7800-54cd832709cfbde0-
3,DATA ANALYST,Prowedge Limited,11d,Lagos,https://www.glassdoor.com/partner/jobListing.htm?pos=101&ao=1136043&s=58&guid=00000182e3f20a6eaf51d9481f3673d3&src=GD_JOB_AD&t=SR&vt=w&ea=1&cs=1_9b73b541&cb=1661681666924&jobListingId=1008091093957&jrtk=3-0-1gbhv42kljoql801-1gbhv42l3g2d7800-54cd832709cfbde0-
4,Data Analyst – Nigeria IHP – FCT,"Palladium Group, Inc.",5d,Nigeria,https://www.glassdoor.com/partner/jobListing.htm?pos=101&ao=1136043&s=58&guid=00000182e3f20a6eaf51d9481f3673d3&src=GD_JOB_AD&t=SR&vt=w&ea=1&cs=1_9b73b541&cb=1661681666924&jobListingId=1008091093957&jrtk=3-0-1gbhv42kljoql801-1gbhv42l3g2d7800-54cd832709cfbde0-
5,Data Analyst,GVA Partners,11d,Lagos,https://www.glassdoor.com/partner/jobListing.htm?pos=101&ao=1136043&s=58&guid=00000182e3f20a6eaf51d9481f3673d3&src=GD_JOB_AD&t=SR&vt=w&ea=1&cs=1_9b73b541&cb=1661681666924&jobListingId=1008091093957&jrtk=3-0-1gbhv42kljoql801-1gbhv42l3g2d7800-54cd832709cfbde0-
6,Customer Service Analyst 1,Visteon Corporation,2d,Plateau,https://www.glassdoor.com/partner/jobListing.htm?pos=101&ao=1136043&s=58&guid=00000182e3f20a6eaf51d9481f3673d3&src=GD_JOB_AD&t=SR&vt=w&ea=1&cs=1_9b73b541&cb=1661681666924&jobListingId=1008091093957&jrtk=3-0-1gbhv42kljoql801-1gbhv42l3g2d7800-54cd832709cfbde0-
7,Remote Bilingual Implementation Analyst.,VIDCRUITER,19d,Lagos,https://www.glassdoor.com/partner/jobListing.htm?pos=101&ao=1136043&s=58&guid=00000182e3f20a6eaf51d9481f3673d3&src=GD_JOB_AD&t=SR&vt=w&ea=1&cs=1_9b73b541&cb=1661681666924&jobListingId=1008091093957&jrtk=3-0-1gbhv42kljoql801-1gbhv42l3g2d7800-54cd832709cfbde0-
8,Quality Control Analyst,Melvrick Hound,4d,Benin-City,https://www.glassdoor.com/partner/jobListing.htm?pos=101&ao=1136043&s=58&guid=00000182e3f20a6eaf51d9481f3673d3&src=GD_JOB_AD&t=SR&vt=w&ea=1&cs=1_9b73b541&cb=1661681666924&jobListingId=1008091093957&jrtk=3-0-1gbhv42kljoql801-1gbhv42l3g2d7800-54cd832709cfbde0-
9,Research Analyst,BROOT Consulting Limited,5d,Lagos,https://www.glassdoor.com/partner/jobListing.htm?pos=101&ao=1136043&s=58&guid=00000182e3f20a6eaf51d9481f3673d3&src=GD_JOB_AD&t=SR&vt=w&ea=1&cs=1_9b73b541&cb=1661681666924&jobListingId=1008091093957&jrtk=3-0-1gbhv42kljoql801-1gbhv42l3g2d7800-54cd832709cfbde0-
10,Full stack developer,Horizonpay Nigeria Limited,11d,Lagos,https://www.glassdoor.com/partner/jobListing.htm?pos=101&ao=1136043&s=58&guid=00000182e3f20a6eaf51d9481f3673d3&src=GD_JOB_AD&t=SR&vt=w&ea=1&cs=1_9b73b541&cb=1661681666924&jobListingId=1008091093957&jrtk=3-0-1gbhv42kljoql801-1gbhv42l3g2d7800-54cd832709cfbde0-
11,Data Analyst Job at Sundry Foods Limited,Sundry Foods Limited,12d,Rivers,https://www.glassdoor.com/partner/jobListing.htm?pos=101&ao=1136043&s=58&guid=00000182e3f20a6eaf51d9481f3673d3&src=GD_JOB_AD&t=SR&vt=w&ea=1&cs=1_9b73b541&cb=1661681666924&jobListingId=1008091093957&jrtk=3-0-1gbhv42kljoql801-1gbhv42l3g2d7800-54cd832709cfbde0-
12,POLICY AND RESEARCH ANALYST,MEG Consults,15d,Abuja,https://www.glassdoor.com/partner/jobListing.htm?pos=101&ao=1136043&s=58&guid=00000182e3f20a6eaf51d9481f3673d3&src=GD_JOB_AD&t=SR&vt=w&ea=1&cs=1_9b73b541&cb=1661681666924&jobListingId=1008091093957&jrtk=3-0-1gbhv42kljoql801-1gbhv42l3g2d7800-54cd832709cfbde0-
13,Data Analyst – Nigeria IHP – FCT,The Palladium Group (HQ),4d,Nigeria,https://www.glassdoor.com/partner/jobListing.htm?pos=101&ao=1136043&s=58&guid=00000182e3f20a6eaf51d9481f3673d3&src=GD_JOB_AD&t=SR&vt=w&ea=1&cs=1_9b73b541&cb=1661681666924&jobListingId=1008091093957&jrtk=3-0-1gbhv42kljoql801-1gbhv42l3g2d7800-54cd832709cfbde0-
14,Data analyst tutor,Global Institute of Project Management,7d,Ibadan,https://www.glassdoor.com/partner/jobListing.htm?pos=101&ao=1136043&s=58&guid=00000182e3f20a6eaf51d9481f3673d3&src=GD_JOB_AD&t=SR&vt=w&ea=1&cs=1_9b73b541&cb=1661681666924&jobListingId=1008091093957&jrtk=3-0-1gbhv42kljoql801-1gbhv42l3g2d7800-54cd832709cfbde0-
15,IT Business Analyst,Primeguage Solutions Limited,3d,Abuja,https://www.glassdoor.com/partner/jobListing.htm?pos=101&ao=1136043&s=58&guid=00000182e3f20a6eaf51d9481f3673d3&src=GD_JOB_AD&t=SR&vt=w&ea=1&cs=1_9b73b541&cb=1661681666924&jobListingId=1008091093957&jrtk=3-0-1gbhv42kljoql801-1gbhv42l3g2d7800-54cd832709cfbde0-
16,"Nigeria Country Director, Data.FI","Palladium Group, Inc.",3d,Abuja,https://www.glassdoor.com/partner/jobListing.htm?pos=101&ao=1136043&s=58&guid=00000182e3f20a6eaf51d9481f3673d3&src=GD_JOB_AD&t=SR&vt=w&ea=1&cs=1_9b73b541&cb=1661681666924&jobListingId=1008091093957&jrtk=3-0-1gbhv42kljoql801-1gbhv42l3g2d7800-54cd832709cfbde0-
17,Project Research Analyst,MVUSA Projekts Nigeria Limited,5d,Lagos,https://www.glassdoor.com/partner/jobListing.htm?pos=101&ao=1136043&s=58&guid=00000182e3f20a6eaf51d9481f3673d3&src=GD_JOB_AD&t=SR&vt=w&ea=1&cs=1_9b73b541&cb=1661681666924&jobListingId=1008091093957&jrtk=3-0-1gbhv42kljoql801-1gbhv42l3g2d7800-54cd832709cfbde0-
18,BI Analyst,JSK Consulting Group,25d,Lagos,https://www.glassdoor.com/partner/jobListing.htm?pos=101&ao=1136043&s=58&guid=00000182e3f20a6eaf51d9481f3673d3&src=GD_JOB_AD&t=SR&vt=w&ea=1&cs=1_9b73b541&cb=1661681666924&jobListingId=1008091093957&jrtk=3-0-1gbhv42kljoql801-1gbhv42l3g2d7800-54cd832709cfbde0-
19,"Data Analyst, Global Health Security (Program Officer)",IHV Nigeria,30d+,Abuja,https://www.glassdoor.com/partner/jobListing.htm?pos=101&ao=1136043&s=58&guid=00000182e3f20a6eaf51d9481f3673d3&src=GD_JOB_AD&t=SR&vt=w&ea=1&cs=1_9b73b541&cb=1661681666924&jobListingId=1008091093957&jrtk=3-0-1gbhv42kljoql801-1gbhv42l3g2d7800-54cd832709cfbde0-
20,"Urgent Job vacancy for Head, Deal Analysis and Investor Relations",SDIL,8d,Lagos,https://www.glassdoor.com/partner/jobListing.htm?pos=101&ao=1136043&s=58&guid=00000182e3f20a6eaf51d9481f3673d3&src=GD_JOB_AD&t=SR&vt=w&ea=1&cs=1_9b73b541&cb=1661681666924&jobListingId=1008091093957&jrtk=3-0-1gbhv42kljoql801-1gbhv42l3g2d7800-54cd832709cfbde0-
21,Data Analyst Job at Preston Associates International Development (PAID),Preston Associates International Development (PAID),3d,Abuja,https://www.glassdoor.com/partner/jobListing.htm?pos=101&ao=1136043&s=58&guid=00000182e3f20a6eaf51d9481f3673d3&src=GD_JOB_AD&t=SR&vt=w&ea=1&cs=1_9b73b541&cb=1661681666924&jobListingId=1008091093957&jrtk=3-0-1gbhv42kljoql801-1gbhv42l3g2d7800-54cd832709cfbde0-
22,Remote Bilingual Configuration Analyst.,VIDCRUITER,19d,Lagos,https://www.glassdoor.com/partner/jobListing.htm?pos=101&ao=1136043&s=58&guid=00000182e3f20a6eaf51d9481f3673d3&src=GD_JOB_AD&t=SR&vt=w&ea=1&cs=1_9b73b541&cb=1661681666924&jobListingId=1008091093957&jrtk=3-0-1gbhv42kljoql801-1gbhv42l3g2d7800-54cd832709cfbde0-
23,GIS Analyst,TechnoServe,30d+,Nigeria,https://www.glassdoor.com/partner/jobListing.htm?pos=101&ao=1136043&s=58&guid=00000182e3f20a6eaf51d9481f3673d3&src=GD_JOB_AD&t=SR&vt=w&ea=1&cs=1_9b73b541&cb=1661681666924&jobListingId=1008091093957&jrtk=3-0-1gbhv42kljoql801-1gbhv42l3g2d7800-54cd832709cfbde0-
24,Quality Systems Analyst,Cummins Inc.,30d+,Nigeria,https://www.glassdoor.com/partner/jobListing.htm?pos=101&ao=1136043&s=58&guid=00000182e3f20a6eaf51d9481f3673d3&src=GD_JOB_AD&t=SR&vt=w&ea=1&cs=1_9b73b541&cb=1661681666924&jobListingId=1008091093957&jrtk=3-0-1gbhv42kljoql801-1gbhv42l3g2d7800-54cd832709cfbde0-
25,Data Governance Analyst,GVA Partners,8d,Lagos,https://www.glassdoor.com/partner/jobListing.htm?pos=101&ao=1136043&s=58&guid=00000182e3f20a6eaf51d9481f3673d3&src=GD_JOB_AD&t=SR&vt=w&ea=1&cs=1_9b73b541&cb=1661681666924&jobListingId=1008091093957&jrtk=3-0-1gbhv42kljoql801-1gbhv42l3g2d7800-54cd832709cfbde0-
26,Sales Analyst,Resource Intermediaries Limited,30d,Lekki,https://www.glassdoor.com/partner/jobListing.htm?pos=101&ao=1136043&s=58&guid=00000182e3f20a6eaf51d9481f3673d3&src=GD_JOB_AD&t=SR&vt=w&ea=1&cs=1_9b73b541&cb=1661681666924&jobListingId=1008091093957&jrtk=3-0-1gbhv42kljoql801-1gbhv42l3g2d7800-54cd832709cfbde0-
27,Senior Financial Analyst,Whogohost,11d,Lagos,https://www.glassdoor.com/partner/jobListing.htm?pos=101&ao=1136043&s=58&guid=00000182e3f20a6eaf51d9481f3673d3&src=GD_JOB_AD&t=SR&vt=w&ea=1&cs=1_9b73b541&cb=1661681666924&jobListingId=1008091093957&jrtk=3-0-1gbhv42kljoql801-1gbhv42l3g2d7800-54cd832709cfbde0-
28,Credit Analyst,Standard Chartered,2d,Nigeria,https://www.glassdoor.com/partner/jobListing.htm?pos=101&ao=1136043&s=58&guid=00000182e3f20a6eaf51d9481f3673d3&src=GD_JOB_AD&t=SR&vt=w&ea=1&cs=1_9b73b541&cb=1661681666924&jobListingId=1008091093957&jrtk=3-0-1gbhv42kljoql801-1gbhv42l3g2d7800-54cd832709cfbde0-
29,Data Scientist,GVA Partners,28d,Lagos,https://www.glassdoor.com/partner/jobListing.htm?pos=101&ao=1136043&s=58&guid=00000182e3f20a6eaf51d9481f3673d3&src=GD_JOB_AD&t=SR&vt=w&ea=1&cs=1_9b73b541&cb=1661681666924&jobListingId=1008091093957&jrtk=3-0-1gbhv42kljoql801-1gbhv42l3g2d7800-54cd832709cfbde0-
30,Data Analyst,Emmiz Consulting International,2d,Lagos,https://www.glassdoor.com/partner/jobListing.htm?pos=101&ao=1136043&s=58&guid=00000182e3f210aab8a1b83a730ccdd5&src=GD_JOB_AD&t=SR&vt=w&ea=1&cs=1_eed1fc08&cb=1661681668529&jobListingId=1008093908373&jrtk=3-0-1gbhv446hkhop801-1gbhv4470itkl800-893bfb072b41de8c-
31,DATA ANALYST,PRESTON ASSOCIATES INTERNATIONAL DEVELOPMENT,3d,Abuja,https://www.glassdoor.com/partner/jobListing.htm?pos=101&ao=1136043&s=58&guid=00000182e3f210aab8a1b83a730ccdd5&src=GD_JOB_AD&t=SR&vt=w&ea=1&cs=1_eed1fc08&cb=1661681668529&jobListingId=1008093908373&jrtk=3-0-1gbhv446hkhop801-1gbhv4470itkl800-893bfb072b41de8c-
32,Data Analyst,Connected Analytics Limited,16d,Lagos,https://www.glassdoor.com/partner/jobListing.htm?pos=101&ao=1136043&s=58&guid=00000182e3f210aab8a1b83a730ccdd5&src=GD_JOB_AD&t=SR&vt=w&ea=1&cs=1_eed1fc08&cb=1661681668529&jobListingId=1008093908373&jrtk=3-0-1gbhv446hkhop801-1gbhv4470itkl800-893bfb072b41de8c-
33,DATA ANALYST,Prowedge Limited,11d,Lagos,https://www.glassdoor.com/partner/jobListing.htm?pos=101&ao=1136043&s=58&guid=00000182e3f210aab8a1b83a730ccdd5&src=GD_JOB_AD&t=SR&vt=w&ea=1&cs=1_eed1fc08&cb=1661681668529&jobListingId=1008093908373&jrtk=3-0-1gbhv446hkhop801-1gbhv4470itkl800-893bfb072b41de8c-
34,Data Analyst,GVA Partners,11d,Lagos,https://www.glassdoor.com/partner/jobListing.htm?pos=101&ao=1136043&s=58&guid=00000182e3f210aab8a1b83a730ccdd5&src=GD_JOB_AD&t=SR&vt=w&ea=1&cs=1_eed1fc08&cb=1661681668529&jobListingId=1008093908373&jrtk=3-0-1gbhv446hkhop801-1gbhv4470itkl800-893bfb072b41de8c-
35,Data Analyst – Nigeria IHP – FCT,"Palladium Group, Inc.",5d,Nigeria,https://www.glassdoor.com/partner/jobListing.htm?pos=101&ao=1136043&s=58&guid=00000182e3f210aab8a1b83a730ccdd5&src=GD_JOB_AD&t=SR&vt=w&ea=1&cs=1_eed1fc08&cb=1661681668529&jobListingId=1008093908373&jrtk=3-0-1gbhv446hkhop801-1gbhv4470itkl800-893bfb072b41de8c-
36,Remote Bilingual Implementation Analyst.,VIDCRUITER,19d,Lagos,https://www.glassdoor.com/partner/jobListing.htm?pos=101&ao=1136043&s=58&guid=00000182e3f210aab8a1b83a730ccdd5&src=GD_JOB_AD&t=SR&vt=w&ea=1&cs=1_eed1fc08&cb=1661681668529&jobListingId=1008093908373&jrtk=3-0-1gbhv446hkhop801-1gbhv4470itkl800-893bfb072b41de8c-
37,Customer Service Analyst 1,Visteon Corporation,2d,Plateau,https://www.glassdoor.com/partner/jobListing.htm?pos=101&ao=1136043&s=58&guid=00000182e3f210aab8a1b83a730ccdd5&src=GD_JOB_AD&t=SR&vt=w&ea=1&cs=1_eed1fc08&cb=1661681668529&jobListingId=1008093908373&jrtk=3-0-1gbhv446hkhop801-1gbhv4470itkl800-893bfb072b41de8c-
38,Research Analyst,BROOT Consulting Limited,5d,Lagos,https://www.glassdoor.com/partner/jobListing.htm?pos=101&ao=1136043&s=58&guid=00000182e3f210aab8a1b83a730ccdd5&src=GD_JOB_AD&t=SR&vt=w&ea=1&cs=1_eed1fc08&cb=1661681668529&jobListingId=1008093908373&jrtk=3-0-1gbhv446hkhop801-1gbhv4470itkl800-893bfb072b41de8c-
39,Quality Control Analyst,Melvrick Hound,4d,Benin-City,https://www.glassdoor.com/partner/jobListing.htm?pos=101&ao=1136043&s=58&guid=00000182e3f210aab8a1b83a730ccdd5&src=GD_JOB_AD&t=SR&vt=w&ea=1&cs=1_eed1fc08&cb=1661681668529&jobListingId=1008093908373&jrtk=3-0-1gbhv446hkhop801-1gbhv4470itkl800-893bfb072b41de8c-
40,Data Analyst Job at Sundry Foods Limited,Sundry Foods Limited,12d,Rivers,https://www.glassdoor.com/partner/jobListing.htm?pos=101&ao=1136043&s=58&guid=00000182e3f210aab8a1b83a730ccdd5&src=GD_JOB_AD&t=SR&vt=w&ea=1&cs=1_eed1fc08&cb=1661681668529&jobListingId=1008093908373&jrtk=3-0-1gbhv446hkhop801-1gbhv4470itkl800-893bfb072b41de8c-
41,Full stack developer,Horizonpay Nigeria Limited,11d,Lagos,https://www.glassdoor.com/partner/jobListing.htm?pos=101&ao=1136043&s=58&guid=00000182e3f210aab8a1b83a730ccdd5&src=GD_JOB_AD&t=SR&vt=w&ea=1&cs=1_eed1fc08&cb=1661681668529&jobListingId=1008093908373&jrtk=3-0-1gbhv446hkhop801-1gbhv4470itkl800-893bfb072b41de8c-
42,POLICY AND RESEARCH ANALYST,MEG Consults,15d,Abuja,https://www.glassdoor.com/partner/jobListing.htm?pos=101&ao=1136043&s=58&guid=00000182e3f210aab8a1b83a730ccdd5&src=GD_JOB_AD&t=SR&vt=w&ea=1&cs=1_eed1fc08&cb=1661681668529&jobListingId=1008093908373&jrtk=3-0-1gbhv446hkhop801-1gbhv4470itkl800-893bfb072b41de8c-
43,Data Analyst – Nigeria IHP – FCT,The Palladium Group (HQ),4d,Nigeria,https://www.glassdoor.com/partner/jobListing.htm?pos=101&ao=1136043&s=58&guid=00000182e3f210aab8a1b83a730ccdd5&src=GD_JOB_AD&t=SR&vt=w&ea=1&cs=1_eed1fc08&cb=1661681668529&jobListingId=1008093908373&jrtk=3-0-1gbhv446hkhop801-1gbhv4470itkl800-893bfb072b41de8c-
44,Data analyst tutor,Global Institute of Project Management,7d,Ibadan,https://www.glassdoor.com/partner/jobListing.htm?pos=101&ao=1136043&s=58&guid=00000182e3f210aab8a1b83a730ccdd5&src=GD_JOB_AD&t=SR&vt=w&ea=1&cs=1_eed1fc08&cb=1661681668529&jobListingId=1008093908373&jrtk=3-0-1gbhv446hkhop801-1gbhv4470itkl800-893bfb072b41de8c-
45,IT Business Analyst,Primeguage Solutions Limited,3d,Abuja,https://www.glassdoor.com/partner/jobListing.htm?pos=101&ao=1136043&s=58&guid=00000182e3f210aab8a1b83a730ccdd5&src=GD_JOB_AD&t=SR&vt=w&ea=1&cs=1_eed1fc08&cb=1661681668529&jobListingId=1008093908373&jrtk=3-0-1gbhv446hkhop801-1gbhv4470itkl800-893bfb072b41de8c-
46,"Nigeria Country Director, Data.FI","Palladium Group, Inc.",3d,Abuja,https://www.glassdoor.com/partner/jobListing.htm?pos=101&ao=1136043&s=58&guid=00000182e3f210aab8a1b83a730ccdd5&src=GD_JOB_AD&t=SR&vt=w&ea=1&cs=1_eed1fc08&cb=1661681668529&jobListingId=1008093908373&jrtk=3-0-1gbhv446hkhop801-1gbhv4470itkl800-893bfb072b41de8c-
47,Project Research Analyst,MVUSA Projekts Nigeria Limited,5d,Lagos,https://www.glassdoor.com/partner/jobListing.htm?pos=101&ao=1136043&s=58&guid=00000182e3f210aab8a1b83a730ccdd5&src=GD_JOB_AD&t=SR&vt=w&ea=1&cs=1_eed1fc08&cb=1661681668529&jobListingId=1008093908373&jrtk=3-0-1gbhv446hkhop801-1gbhv4470itkl800-893bfb072b41de8c-
48,"Data Analyst, Global Health Security (Program Officer)",IHV Nigeria,30d+,Abuja,https://www.glassdoor.com/partner/jobListing.htm?pos=101&ao=1136043&s=58&guid=00000182e3f210aab8a1b83a730ccdd5&src=GD_JOB_AD&t=SR&vt=w&ea=1&cs=1_eed1fc08&cb=1661681668529&jobListingId=1008093908373&jrtk=3-0-1gbhv446hkhop801-1gbhv4470itkl800-893bfb072b41de8c-
49,BI Analyst,JSK Consulting Group,25d,Lagos,https://www.glassdoor.com/partner/jobListing.htm?pos=101&ao=1136043&s=58&guid=00000182e3f210aab8a1b83a730ccdd5&src=GD_JOB_AD&t=SR&vt=w&ea=1&cs=1_eed1fc08&cb=1661681668529&jobListingId=1008093908373&jrtk=3-0-1gbhv446hkhop801-1gbhv4470itkl800-893bfb072b41de8c-
50,"Urgent Job vacancy for Head, Deal Analysis and Investor Relations",SDIL,8d,Lagos,https://www.glassdoor.com/partner/jobListing.htm?pos=101&ao=1136043&s=58&guid=00000182e3f210aab8a1b83a730ccdd5&src=GD_JOB_AD&t=SR&vt=w&ea=1&cs=1_eed1fc08&cb=1661681668529&jobListingId=1008093908373&jrtk=3-0-1gbhv446hkhop801-1gbhv4470itkl800-893bfb072b41de8c-
51,Remote Bilingual Configuration Analyst.,VIDCRUITER,19d,Lagos,https://www.glassdoor.com/partner/jobListing.htm?pos=101&ao=1136043&s=58&guid=00000182e3f210aab8a1b83a730ccdd5&src=GD_JOB_AD&t=SR&vt=w&ea=1&cs=1_eed1fc08&cb=1661681668529&jobListingId=1008093908373&jrtk=3-0-1gbhv446hkhop801-1gbhv4470itkl800-893bfb072b41de8c-
52,Data Analyst Job at Preston Associates International Development (PAID),Preston Associates International Development (PAID),3d,Abuja,https://www.glassdoor.com/partner/jobListing.htm?pos=101&ao=1136043&s=58&guid=00000182e3f210aab8a1b83a730ccdd5&src=GD_JOB_AD&t=SR&vt=w&ea=1&cs=1_eed1fc08&cb=1661681668529&jobListingId=1008093908373&jrtk=3-0-1gbhv446hkhop801-1gbhv4470itkl800-893bfb072b41de8c-
53,Quality Systems Analyst,Cummins Inc.,30d+,Nigeria,https://www.glassdoor.com/partner/jobListing.htm?pos=101&ao=1136043&s=58&guid=00000182e3f210aab8a1b83a730ccdd5&src=GD_JOB_AD&t=SR&vt=w&ea=1&cs=1_eed1fc08&cb=1661681668529&jobListingId=1008093908373&jrtk=3-0-1gbhv446hkhop801-1gbhv4470itkl800-893bfb072b41de8c-
54,GIS Analyst,TechnoServe,30d+,Nigeria,https://www.glassdoor.com/partner/jobListing.htm?pos=101&ao=1136043&s=58&guid=00000182e3f210aab8a1b83a730ccdd5&src=GD_JOB_AD&t=SR&vt=w&ea=1&cs=1_eed1fc08&cb=1661681668529&jobListingId=1008093908373&jrtk=3-0-1gbhv446hkhop801-1gbhv4470itkl800-893bfb072b41de8c-
55,Sales Analyst,Resource Intermediaries Limited,30d,Lekki,https://www.glassdoor.com/partner/jobListing.htm?pos=101&ao=1136043&s=58&guid=00000182e3f210aab8a1b83a730ccdd5&src=GD_JOB_AD&t=SR&vt=w&ea=1&cs=1_eed1fc08&cb=1661681668529&jobListingId=1008093908373&jrtk=3-0-1gbhv446hkhop801-1gbhv4470itkl800-893bfb072b41de8c-
56,Data Governance Analyst,GVA Partners,8d,Lagos,https://www.glassdoor.com/partner/jobListing.htm?pos=101&ao=1136043&s=58&guid=00000182e3f210aab8a1b83a730ccdd5&src=GD_JOB_AD&t=SR&vt=w&ea=1&cs=1_eed1fc08&cb=1661681668529&jobListingId=1008093908373&jrtk=3-0-1gbhv446hkhop801-1gbhv4470itkl800-893bfb072b41de8c-
57,Senior Financial Analyst,Whogohost,11d,Lagos,https://www.glassdoor.com/partner/jobListing.htm?pos=101&ao=1136043&s=58&guid=00000182e3f210aab8a1b83a730ccdd5&src=GD_JOB_AD&t=SR&vt=w&ea=1&cs=1_eed1fc08&cb=1661681668529&jobListingId=1008093908373&jrtk=3-0-1gbhv446hkhop801-1gbhv4470itkl800-893bfb072b41de8c-
58,Data Scientist,GVA Partners,28d,Lagos,https://www.glassdoor.com/partner/jobListing.htm?pos=101&ao=1136043&s=58&guid=00000182e3f210aab8a1b83a730ccdd5&src=GD_JOB_AD&t=SR&vt=w&ea=1&cs=1_eed1fc08&cb=1661681668529&jobListingId=1008093908373&jrtk=3-0-1gbhv446hkhop801-1gbhv4470itkl800-893bfb072b41de8c-
59,Credit Analyst,Standard Chartered,2d,Nigeria,https://www.glassdoor.com/partner/jobListing.htm?pos=101&ao=1136043&s=58&guid=00000182e3f210aab8a1b83a730ccdd5&src=GD_JOB_AD&t=SR&vt=w&ea=1&cs=1_eed1fc08&cb=1661681668529&jobListingId=1008093908373&jrtk=3-0-1gbhv446hkhop801-1gbhv4470itkl800-893bfb072b41de8c-
60,DATA ANALYST,PRESTON ASSOCIATES INTERNATIONAL DEVELOPMENT,3d,Abuja,https://www.glassdoor.com/partner/jobListing.htm?pos=101&ao=1136043&s=58&guid=00000182e3f217b9bd4e96bbb6c11d67&src=GD_JOB_AD&t=SR&vt=w&ea=1&cs=1_28854f95&cb=1661681670386&jobListingId=1008091093957&jrtk=3-0-1gbhv45uskblr801-1gbhv45veghrk800-54cd832709cfbde0-
61,Data Analyst,Emmiz Consulting International,2d,Lagos,https://www.glassdoor.com/partner/jobListing.htm?pos=101&ao=1136043&s=58&guid=00000182e3f217b9bd4e96bbb6c11d67&src=GD_JOB_AD&t=SR&vt=w&ea=1&cs=1_28854f95&cb=1661681670386&jobListingId=1008091093957&jrtk=3-0-1gbhv45uskblr801-1gbhv45veghrk800-54cd832709cfbde0-
62,Data Analyst,Connected Analytics Limited,16d,Lagos,https://www.glassdoor.com/partner/jobListing.htm?pos=101&ao=1136043&s=58&guid=00000182e3f217b9bd4e96bbb6c11d67&src=GD_JOB_AD&t=SR&vt=w&ea=1&cs=1_28854f95&cb=1661681670386&jobListingId=1008091093957&jrtk=3-0-1gbhv45uskblr801-1gbhv45veghrk800-54cd832709cfbde0-
63,DATA ANALYST,Prowedge Limited,11d,Lagos,https://www.glassdoor.com/partner/jobListing.htm?pos=101&ao=1136043&s=58&guid=00000182e3f217b9bd4e96bbb6c11d67&src=GD_JOB_AD&t=SR&vt=w&ea=1&cs=1_28854f95&cb=1661681670386&jobListingId=1008091093957&jrtk=3-0-1gbhv45uskblr801-1gbhv45veghrk800-54cd832709cfbde0-
64,Data Analyst – Nigeria IHP – FCT,"Palladium Group, Inc.",5d,Nigeria,https://www.glassdoor.com/partner/jobListing.htm?pos=101&ao=1136043&s=58&guid=00000182e3f217b9bd4e96bbb6c11d67&src=GD_JOB_AD&t=SR&vt=w&ea=1&cs=1_28854f95&cb=1661681670386&jobListingId=1008091093957&jrtk=3-0-1gbhv45uskblr801-1gbhv45veghrk800-54cd832709cfbde0-
65,Data Analyst,GVA Partners,11d,Lagos,https://www.glassdoor.com/partner/jobListing.htm?pos=101&ao=1136043&s=58&guid=00000182e3f217b9bd4e96bbb6c11d67&src=GD_JOB_AD&t=SR&vt=w&ea=1&cs=1_28854f95&cb=1661681670386&jobListingId=1008091093957&jrtk=3-0-1gbhv45uskblr801-1gbhv45veghrk800-54cd832709cfbde0-
66,Customer Service Analyst 1,Visteon Corporation,2d,Plateau,https://www.glassdoor.com/partner/jobListing.htm?pos=101&ao=1136043&s=58&guid=00000182e3f217b9bd4e96bbb6c11d67&src=GD_JOB_AD&t=SR&vt=w&ea=1&cs=1_28854f95&cb=1661681670386&jobListingId=1008091093957&jrtk=3-0-1gbhv45uskblr801-1gbhv45veghrk800-54cd832709cfbde0-
67,Remote Bilingual Implementation Analyst.,VIDCRUITER,19d,Lagos,https://www.glassdoor.com/partner/jobListing.htm?pos=101&ao=1136043&s=58&guid=00000182e3f217b9bd4e96bbb6c11d67&src=GD_JOB_AD&t=SR&vt=w&ea=1&cs=1_28854f95&cb=1661681670386&jobListingId=1008091093957&jrtk=3-0-1gbhv45uskblr801-1gbhv45veghrk800-54cd832709cfbde0-
68,Quality Control Analyst,Melvrick Hound,4d,Benin-City,https://www.glassdoor.com/partner/jobListing.htm?pos=101&ao=1136043&s=58&guid=00000182e3f217b9bd4e96bbb6c11d67&src=GD_JOB_AD&t=SR&vt=w&ea=1&cs=1_28854f95&cb=1661681670386&jobListingId=1008091093957&jrtk=3-0-1gbhv45uskblr801-1gbhv45veghrk800-54cd832709cfbde0-
69,Research Analyst,BROOT Consulting Limited,5d,Lagos,https://www.glassdoor.com/partner/jobListing.htm?pos=101&ao=1136043&s=58&guid=00000182e3f217b9bd4e96bbb6c11d67&src=GD_JOB_AD&t=SR&vt=w&ea=1&cs=1_28854f95&cb=1661681670386&jobListingId=1008091093957&jrtk=3-0-1gbhv45uskblr801-1gbhv45veghrk800-54cd832709cfbde0-
70,Full stack developer,Horizonpay Nigeria Limited,11d,Lagos,https://www.glassdoor.com/partner/jobListing.htm?pos=101&ao=1136043&s=58&guid=00000182e3f217b9bd4e96bbb6c11d67&src=GD_JOB_AD&t=SR&vt=w&ea=1&cs=1_28854f95&cb=1661681670386&jobListingId=1008091093957&jrtk=3-0-1gbhv45uskblr801-1gbhv45veghrk800-54cd832709cfbde0-
71,Data Analyst Job at Sundry Foods Limited,Sundry Foods Limited,12d,Rivers,https://www.glassdoor.com/partner/jobListing.htm?pos=101&ao=1136043&s=58&guid=00000182e3f217b9bd4e96bbb6c11d67&src=GD_JOB_AD&t=SR&vt=w&ea=1&cs=1_28854f95&cb=1661681670386&jobListingId=1008091093957&jrtk=3-0-1gbhv45uskblr801-1gbhv45veghrk800-54cd832709cfbde0-
72,POLICY AND RESEARCH ANALYST,MEG Consults,15d,Abuja,https://www.glassdoor.com/partner/jobListing.htm?pos=101&ao=1136043&s=58&guid=00000182e3f217b9bd4e96bbb6c11d67&src=GD_JOB_AD&t=SR&vt=w&ea=1&cs=1_28854f95&cb=1661681670386&jobListingId=1008091093957&jrtk=3-0-1gbhv45uskblr801-1gbhv45veghrk800-54cd832709cfbde0-
73,Data Analyst – Nigeria IHP – FCT,The Palladium Group (HQ),4d,Nigeria,https://www.glassdoor.com/partner/jobListing.htm?pos=101&ao=1136043&s=58&guid=00000182e3f217b9bd4e96bbb6c11d67&src=GD_JOB_AD&t=SR&vt=w&ea=1&cs=1_28854f95&cb=1661681670386&jobListingId=1008091093957&jrtk=3-0-1gbhv45uskblr801-1gbhv45veghrk800-54cd832709cfbde0-
74,Data analyst tutor,Global Institute of Project Management,7d,Ibadan,https://www.glassdoor.com/partner/jobListing.htm?pos=101&ao=1136043&s=58&guid=00000182e3f217b9bd4e96bbb6c11d67&src=GD_JOB_AD&t=SR&vt=w&ea=1&cs=1_28854f95&cb=1661681670386&jobListingId=1008091093957&jrtk=3-0-1gbhv45uskblr801-1gbhv45veghrk800-54cd832709cfbde0-
75,IT Business Analyst,Primeguage Solutions Limited,3d,Abuja,https://www.glassdoor.com/partner/jobListing.htm?pos=101&ao=1136043&s=58&guid=00000182e3f217b9bd4e96bbb6c11d67&src=GD_JOB_AD&t=SR&vt=w&ea=1&cs=1_28854f95&cb=1661681670386&jobListingId=1008091093957&jrtk=3-0-1gbhv45uskblr801-1gbhv45veghrk800-54cd832709cfbde0-
76,"Nigeria Country Director, Data.FI","Palladium Group, Inc.",3d,Abuja,https://www.glassdoor.com/partner/jobListing.htm?pos=101&ao=1136043&s=58&guid=00000182e3f217b9bd4e96bbb6c11d67&src=GD_JOB_AD&t=SR&vt=w&ea=1&cs=1_28854f95&cb=1661681670386&jobListingId=1008091093957&jrtk=3-0-1gbhv45uskblr801-1gbhv45veghrk800-54cd832709cfbde0-
77,Project Research Analyst,MVUSA Projekts Nigeria Limited,5d,Lagos,https://www.glassdoor.com/partner/jobListing.htm?pos=101&ao=1136043&s=58&guid=00000182e3f217b9bd4e96bbb6c11d67&src=GD_JOB_AD&t=SR&vt=w&ea=1&cs=1_28854f95&cb=1661681670386&jobListingId=1008091093957&jrtk=3-0-1gbhv45uskblr801-1gbhv45veghrk800-54cd832709cfbde0-
78,BI Analyst,JSK Consulting Group,25d,Lagos,https://www.glassdoor.com/partner/jobListing.htm?pos=101&ao=1136043&s=58&guid=00000182e3f217b9bd4e96bbb6c11d67&src=GD_JOB_AD&t=SR&vt=w&ea=1&cs=1_28854f95&cb=1661681670386&jobListingId=1008091093957&jrtk=3-0-1gbhv45uskblr801-1gbhv45veghrk800-54cd832709cfbde0-
79,"Data Analyst, Global Health Security (Program Officer)",IHV Nigeria,30d+,Abuja,https://www.glassdoor.com/partner/jobListing.htm?pos=101&ao=1136043&s=58&guid=00000182e3f217b9bd4e96bbb6c11d67&src=GD_JOB_AD&t=SR&vt=w&ea=1&cs=1_28854f95&cb=1661681670386&jobListingId=1008091093957&jrtk=3-0-1gbhv45uskblr801-1gbhv45veghrk800-54cd832709cfbde0-
80,"Urgent Job vacancy for Head, Deal Analysis and Investor Relations",SDIL,8d,Lagos,https://www.glassdoor.com/partner/jobListing.htm?pos=101&ao=1136043&s=58&guid=00000182e3f217b9bd4e96bbb6c11d67&src=GD_JOB_AD&t=SR&vt=w&ea=1&cs=1_28854f95&cb=1661681670386&jobListingId=1008091093957&jrtk=3-0-1gbhv45uskblr801-1gbhv45veghrk800-54cd832709cfbde0-
81,Data Analyst Job at Preston Associates International Development (PAID),Preston Associates International Development (PAID),3d,Abuja,https://www.glassdoor.com/partner/jobListing.htm?pos=101&ao=1136043&s=58&guid=00000182e3f217b9bd4e96bbb6c11d67&src=GD_JOB_AD&t=SR&vt=w&ea=1&cs=1_28854f95&cb=1661681670386&jobListingId=1008091093957&jrtk=3-0-1gbhv45uskblr801-1gbhv45veghrk800-54cd832709cfbde0-
82,Remote Bilingual Configuration Analyst.,VIDCRUITER,19d,Lagos,https://www.glassdoor.com/partner/jobListing.htm?pos=101&ao=1136043&s=58&guid=00000182e3f217b9bd4e96bbb6c11d67&src=GD_JOB_AD&t=SR&vt=w&ea=1&cs=1_28854f95&cb=1661681670386&jobListingId=1008091093957&jrtk=3-0-1gbhv45uskblr801-1gbhv45veghrk800-54cd832709cfbde0-
83,GIS Analyst,TechnoServe,30d+,Nigeria,https://www.glassdoor.com/partner/jobListing.htm?pos=101&ao=1136043&s=58&guid=00000182e3f217b9bd4e96bbb6c11d67&src=GD_JOB_AD&t=SR&vt=w&ea=1&cs=1_28854f95&cb=1661681670386&jobListingId=1008091093957&jrtk=3-0-1gbhv45uskblr801-1gbhv45veghrk800-54cd832709cfbde0-
84,Quality Systems Analyst,Cummins Inc.,30d+,Nigeria,https://www.glassdoor.com/partner/jobListing.htm?pos=101&ao=1136043&s=58&guid=00000182e3f217b9bd4e96bbb6c11d67&src=GD_JOB_AD&t=SR&vt=w&ea=1&cs=1_28854f95&cb=1661681670386&jobListingId=1008091093957&jrtk=3-0-1gbhv45uskblr801-1gbhv45veghrk800-54cd832709cfbde0-
85,Data Governance Analyst,GVA Partners,8d,Lagos,https://www.glassdoor.com/partner/jobListing.htm?pos=101&ao=1136043&s=58&guid=00000182e3f217b9bd4e96bbb6c11d67&src=GD_JOB_AD&t=SR&vt=w&ea=1&cs=1_28854f95&cb=1661681670386&jobListingId=1008091093957&jrtk=3-0-1gbhv45uskblr801-1gbhv45veghrk800-54cd832709cfbde0-
86,Sales Analyst,Resource Intermediaries Limited,30d,Lekki,https://www.glassdoor.com/partner/jobListing.htm?pos=101&ao=1136043&s=58&guid=00000182e3f217b9bd4e96bbb6c11d67&src=GD_JOB_AD&t=SR&vt=w&ea=1&cs=1_28854f95&cb=1661681670386&jobListingId=1008091093957&jrtk=3-0-1gbhv45uskblr801-1gbhv45veghrk800-54cd832709cfbde0-
87,Senior Financial Analyst,Whogohost,11d,Lagos,https://www.glassdoor.com/partner/jobListing.htm?pos=101&ao=1136043&s=58&guid=00000182e3f217b9bd4e96bbb6c11d67&src=GD_JOB_AD&t=SR&vt=w&ea=1&cs=1_28854f95&cb=1661681670386&jobListingId=1008091093957&jrtk=3-0-1gbhv45uskblr801-1gbhv45veghrk800-54cd832709cfbde0-
88,Credit Analyst,Standard Chartered,2d,Nigeria,https://www.glassdoor.com/partner/jobListing.htm?pos=101&ao=1136043&s=58&guid=00000182e3f217b9bd4e96bbb6c11d67&src=GD_JOB_AD&t=SR&vt=w&ea=1&cs=1_28854f95&cb=1661681670386&jobListingId=1008091093957&jrtk=3-0-1gbhv45uskblr801-1gbhv45veghrk800-54cd832709cfbde0-
89,Data Scientist,GVA Partners,28d,Lagos,https://www.glassdoor.com/partner/jobListing.htm?pos=101&ao=1136043&s=58&guid=00000182e3f217b9bd4e96bbb6c11d67&src=GD_JOB_AD&t=SR&vt=w&ea=1&cs=1_28854f95&cb=1661681670386&jobListingId=1008091093957&jrtk=3-0-1gbhv45uskblr801-1gbhv45veghrk800-54cd832709cfbde0-
90,DATA ANALYST,PRESTON ASSOCIATES INTERNATIONAL DEVELOPMENT,3d,Abuja,https://www.glassdoor.com/partner/jobListing.htm?pos=101&ao=1136043&s=58&guid=00000182e3f21f6e844152366d394dcc&src=GD_JOB_AD&t=SR&vt=w&ea=1&cs=1_3c3f592e&cb=1661681672273&jobListingId=1008091093957&jrtk=3-0-1gbhv47skkcn8801-1gbhv47t123j4000-54cd832709cfbde0-
91,Data Analyst,Emmiz Consulting International,2d,Lagos,https://www.glassdoor.com/partner/jobListing.htm?pos=101&ao=1136043&s=58&guid=00000182e3f21f6e844152366d394dcc&src=GD_JOB_AD&t=SR&vt=w&ea=1&cs=1_3c3f592e&cb=1661681672273&jobListingId=1008091093957&jrtk=3-0-1gbhv47skkcn8801-1gbhv47t123j4000-54cd832709cfbde0-
92,Data Analyst,Connected Analytics Limited,16d,Lagos,https://www.glassdoor.com/partner/jobListing.htm?pos=101&ao=1136043&s=58&guid=00000182e3f21f6e844152366d394dcc&src=GD_JOB_AD&t=SR&vt=w&ea=1&cs=1_3c3f592e&cb=1661681672273&jobListingId=1008091093957&jrtk=3-0-1gbhv47skkcn8801-1gbhv47t123j4000-54cd832709cfbde0-
93,DATA ANALYST,Prowedge Limited,11d,Lagos,https://www.glassdoor.com/partner/jobListing.htm?pos=101&ao=1136043&s=58&guid=00000182e3f21f6e844152366d394dcc&src=GD_JOB_AD&t=SR&vt=w&ea=1&cs=1_3c3f592e&cb=1661681672273&jobListingId=1008091093957&jrtk=3-0-1gbhv47skkcn8801-1gbhv47t123j4000-54cd832709cfbde0-
94,Data Analyst – Nigeria IHP – FCT,"Palladium Group, Inc.",5d,Nigeria,https://www.glassdoor.com/partner/jobListing.htm?pos=101&ao=1136043&s=58&guid=00000182e3f21f6e844152366d394dcc&src=GD_JOB_AD&t=SR&vt=w&ea=1&cs=1_3c3f592e&cb=1661681672273&jobListingId=1008091093957&jrtk=3-0-1gbhv47skkcn8801-1gbhv47t123j4000-54cd832709cfbde0-
95,Data Analyst,GVA Partners,11d,Lagos,https://www.glassdoor.com/partner/jobListing.htm?pos=101&ao=1136043&s=58&guid=00000182e3f21f6e844152366d394dcc&src=GD_JOB_AD&t=SR&vt=w&ea=1&cs=1_3c3f592e&cb=1661681672273&jobListingId=1008091093957&jrtk=3-0-1gbhv47skkcn8801-1gbhv47t123j4000-54cd832709cfbde0-
96,Customer Service Analyst 1,Visteon Corporation,2d,Plateau,https://www.glassdoor.com/partner/jobListing.htm?pos=101&ao=1136043&s=58&guid=00000182e3f21f6e844152366d394dcc&src=GD_JOB_AD&t=SR&vt=w&ea=1&cs=1_3c3f592e&cb=1661681672273&jobListingId=1008091093957&jrtk=3-0-1gbhv47skkcn8801-1gbhv47t123j4000-54cd832709cfbde0-
97,Remote Bilingual Implementation Analyst.,VIDCRUITER,19d,Lagos,https://www.glassdoor.com/partner/jobListing.htm?pos=101&ao=1136043&s=58&guid=00000182e3f21f6e844152366d394dcc&src=GD_JOB_AD&t=SR&vt=w&ea=1&cs=1_3c3f592e&cb=1661681672273&jobListingId=1008091093957&jrtk=3-0-1gbhv47skkcn8801-1gbhv47t123j4000-54cd832709cfbde0-
98,Quality Control Analyst,Melvrick Hound,4d,Benin-City,https://www.glassdoor.com/partner/jobListing.htm?pos=101&ao=1136043&s=58&guid=00000182e3f21f6e844152366d394dcc&src=GD_JOB_AD&t=SR&vt=w&ea=1&cs=1_3c3f592e&cb=1661681672273&jobListingId=1008091093957&jrtk=3-0-1gbhv47skkcn8801-1gbhv47t123j4000-54cd832709cfbde0-
99,Research Analyst,BROOT Consulting Limited,5d,Lagos,https://www.glassdoor.com/partner/jobListing.htm?pos=101&ao=1136043&s=58&guid=00000182e3f21f6e844152366d394dcc&src=GD_JOB_AD&t=SR&vt=w&ea=1&cs=1_3c3f592e&cb=1661681672273&jobListingId=1008091093957&jrtk=3-0-1gbhv47skkcn8801-1gbhv47t123j4000-54cd832709cfbde0-
100,Full stack developer,Horizonpay Nigeria Limited,11d,Lagos,https://www.glassdoor.com/partner/jobListing.htm?pos=101&ao=1136043&s=58&guid=00000182e3f21f6e844152366d394dcc&src=GD_JOB_AD&t=SR&vt=w&ea=1&cs=1_3c3f592e&cb=1661681672273&jobListingId=1008091093957&jrtk=3-0-1gbhv47skkcn8801-1gbhv47t123j4000-54cd832709cfbde0-
101,Data Analyst Job at Sundry Foods Limited,Sundry Foods Limited,12d,Rivers,https://www.glassdoor.com/partner/jobListing.htm?pos=101&ao=1136043&s=58&guid=00000182e3f21f6e844152366d394dcc&src=GD_JOB_AD&t=SR&vt=w&ea=1&cs=1_3c3f592e&cb=1661681672273&jobListingId=1008091093957&jrtk=3-0-1gbhv47skkcn8801-1gbhv47t123j4000-54cd832709cfbde0-
102,POLICY AND RESEARCH ANALYST,MEG Consults,15d,Abuja,https://www.glassdoor.com/partner/jobListing.htm?pos=101&ao=1136043&s=58&guid=00000182e3f21f6e844152366d394dcc&src=GD_JOB_AD&t=SR&vt=w&ea=1&cs=1_3c3f592e&cb=1661681672273&jobListingId=1008091093957&jrtk=3-0-1gbhv47skkcn8801-1gbhv47t123j4000-54cd832709cfbde0-
103,Data Analyst – Nigeria IHP – FCT,The Palladium Group (HQ),4d,Nigeria,https://www.glassdoor.com/partner/jobListing.htm?pos=101&ao=1136043&s=58&guid=00000182e3f21f6e844152366d394dcc&src=GD_JOB_AD&t=SR&vt=w&ea=1&cs=1_3c3f592e&cb=1661681672273&jobListingId=1008091093957&jrtk=3-0-1gbhv47skkcn8801-1gbhv47t123j4000-54cd832709cfbde0-
104,Data analyst tutor,Global Institute of Project Management,7d,Ibadan,https://www.glassdoor.com/partner/jobListing.htm?pos=101&ao=1136043&s=58&guid=00000182e3f21f6e844152366d394dcc&src=GD_JOB_AD&t=SR&vt=w&ea=1&cs=1_3c3f592e&cb=1661681672273&jobListingId=1008091093957&jrtk=3-0-1gbhv47skkcn8801-1gbhv47t123j4000-54cd832709cfbde0-
105,IT Business Analyst,Primeguage Solutions Limited,3d,Abuja,https://www.glassdoor.com/partner/jobListing.htm?pos=101&ao=1136043&s=58&guid=00000182e3f21f6e844152366d394dcc&src=GD_JOB_AD&t=SR&vt=w&ea=1&cs=1_3c3f592e&cb=1661681672273&jobListingId=1008091093957&jrtk=3-0-1gbhv47skkcn8801-1gbhv47t123j4000-54cd832709cfbde0-
106,"Nigeria Country Director, Data.FI","Palladium Group, Inc.",3d,Abuja,https://www.glassdoor.com/partner/jobListing.htm?pos=101&ao=1136043&s=58&guid=00000182e3f21f6e844152366d394dcc&src=GD_JOB_AD&t=SR&vt=w&ea=1&cs=1_3c3f592e&cb=1661681672273&jobListingId=1008091093957&jrtk=3-0-1gbhv47skkcn8801-1gbhv47t123j4000-54cd832709cfbde0-
107,Project Research Analyst,MVUSA Projekts Nigeria Limited,5d,Lagos,https://www.glassdoor.com/partner/jobListing.htm?pos=101&ao=1136043&s=58&guid=00000182e3f21f6e844152366d394dcc&src=GD_JOB_AD&t=SR&vt=w&ea=1&cs=1_3c3f592e&cb=1661681672273&jobListingId=1008091093957&jrtk=3-0-1gbhv47skkcn8801-1gbhv47t123j4000-54cd832709cfbde0-
108,BI Analyst,JSK Consulting Group,25d,Lagos,https://www.glassdoor.com/partner/jobListing.htm?pos=101&ao=1136043&s=58&guid=00000182e3f21f6e844152366d394dcc&src=GD_JOB_AD&t=SR&vt=w&ea=1&cs=1_3c3f592e&cb=1661681672273&jobListingId=1008091093957&jrtk=3-0-1gbhv47skkcn8801-1gbhv47t123j4000-54cd832709cfbde0-
109,"Data Analyst, Global Health Security (Program Officer)",IHV Nigeria,30d+,Abuja,https://www.glassdoor.com/partner/jobListing.htm?pos=101&ao=1136043&s=58&guid=00000182e3f21f6e844152366d394dcc&src=GD_JOB_AD&t=SR&vt=w&ea=1&cs=1_3c3f592e&cb=1661681672273&jobListingId=1008091093957&jrtk=3-0-1gbhv47skkcn8801-1gbhv47t123j4000-54cd832709cfbde0-
110,"Urgent Job vacancy for Head, Deal Analysis and Investor Relations",SDIL,8d,Lagos,https://www.glassdoor.com/partner/jobListing.htm?pos=101&ao=1136043&s=58&guid=00000182e3f21f6e844152366d394dcc&src=GD_JOB_AD&t=SR&vt=w&ea=1&cs=1_3c3f592e&cb=1661681672273&jobListingId=1008091093957&jrtk=3-0-1gbhv47skkcn8801-1gbhv47t123j4000-54cd832709cfbde0-
111,Data Analyst Job at Preston Associates International Development (PAID),Preston Associates International Development (PAID),3d,Abuja,https://www.glassdoor.com/partner/jobListing.htm?pos=101&ao=1136043&s=58&guid=00000182e3f21f6e844152366d394dcc&src=GD_JOB_AD&t=SR&vt=w&ea=1&cs=1_3c3f592e&cb=1661681672273&jobListingId=1008091093957&jrtk=3-0-1gbhv47skkcn8801-1gbhv47t123j4000-54cd832709cfbde0-
112,Remote Bilingual Configuration Analyst.,VIDCRUITER,19d,Lagos,https://www.glassdoor.com/partner/jobListing.htm?pos=101&ao=1136043&s=58&guid=00000182e3f21f6e844152366d394dcc&src=GD_JOB_AD&t=SR&vt=w&ea=1&cs=1_3c3f592e&cb=1661681672273&jobListingId=1008091093957&jrtk=3-0-1gbhv47skkcn8801-1gbhv47t123j4000-54cd832709cfbde0-
113,GIS Analyst,TechnoServe,30d+,Nigeria,https://www.glassdoor.com/partner/jobListing.htm?pos=101&ao=1136043&s=58&guid=00000182e3f21f6e844152366d394dcc&src=GD_JOB_AD&t=SR&vt=w&ea=1&cs=1_3c3f592e&cb=1661681672273&jobListingId=1008091093957&jrtk=3-0-1gbhv47skkcn8801-1gbhv47t123j4000-54cd832709cfbde0-
114,Quality Systems Analyst,Cummins Inc.,30d+,Nigeria,https://www.glassdoor.com/partner/jobListing.htm?pos=101&ao=1136043&s=58&guid=00000182e3f21f6e844152366d394dcc&src=GD_JOB_AD&t=SR&vt=w&ea=1&cs=1_3c3f592e&cb=1661681672273&jobListingId=1008091093957&jrtk=3-0-1gbhv47skkcn8801-1gbhv47t123j4000-54cd832709cfbde0-
115,Data Governance Analyst,GVA Partners,8d,Lagos,https://www.glassdoor.com/partner/jobListing.htm?pos=101&ao=1136043&s=58&guid=00000182e3f21f6e844152366d394dcc&src=GD_JOB_AD&t=SR&vt=w&ea=1&cs=1_3c3f592e&cb=1661681672273&jobListingId=1008091093957&jrtk=3-0-1gbhv47skkcn8801-1gbhv47t123j4000-54cd832709cfbde0-
116,Sales Analyst,Resource Intermediaries Limited,30d,Lekki,https://www.glassdoor.com/partner/jobListing.htm?pos=101&ao=1136043&s=58&guid=00000182e3f21f6e844152366d394dcc&src=GD_JOB_AD&t=SR&vt=w&ea=1&cs=1_3c3f592e&cb=1661681672273&jobListingId=1008091093957&jrtk=3-0-1gbhv47skkcn8801-1gbhv47t123j4000-54cd832709cfbde0-
117,Senior Financial Analyst,Whogohost,11d,Lagos,https://www.glassdoor.com/partner/jobListing.htm?pos=101&ao=1136043&s=58&guid=00000182e3f21f6e844152366d394dcc&src=GD_JOB_AD&t=SR&vt=w&ea=1&cs=1_3c3f592e&cb=1661681672273&jobListingId=1008091093957&jrtk=3-0-1gbhv47skkcn8801-1gbhv47t123j4000-54cd832709cfbde0-
118,Credit Analyst,Standard Chartered,2d,Nigeria,https://www.glassdoor.com/partner/jobListing.htm?pos=101&ao=1136043&s=58&guid=00000182e3f21f6e844152366d394dcc&src=GD_JOB_AD&t=SR&vt=w&ea=1&cs=1_3c3f592e&cb=1661681672273&jobListingId=1008091093957&jrtk=3-0-1gbhv47skkcn8801-1gbhv47t123j4000-54cd832709cfbde0-
119,Data Scientist,GVA Partners,28d,Lagos,https://www.glassdoor.com/partner/jobListing.htm?pos=101&ao=1136043&s=58&guid=00000182e3f21f6e844152366d394dcc&src=GD_JOB_AD&t=SR&vt=w&ea=1&cs=1_3c3f592e&cb=1661681672273&jobListingId=1008091093957&jrtk=3-0-1gbhv47skkcn8801-1gbhv47t123j4000-54cd832709cfbde0-
